{"schemaVersion":"1.0","appDefinitionTemplate":{"id":"/providers/Microsoft.PowerApps/apps/","type":"Microsoft.PowerApps/apps","tags":{"primaryDeviceWidth":"1366","primaryDeviceHeight":"768","supportsPortrait":"true","supportsLandscape":"true","primaryFormFactor":"Tablet","showStatusBar":"false","publisherVersion":"3.24111.12","minimumRequiredApiVersion":"2.2.0","hasComponent":"false","hasUnlockedComponent":"false","isUnifiedRootApp":"false","sienaVersion":"20241129T115229Z-3.24111.12.0"},"properties":{"appVersion":"2024-11-29T11:52:29Z","lifeCycleId":"Published","createdByClientVersion":{"major":3,"minor":24111,"build":12,"revision":0,"majorRevision":0,"minorRevision":0},"minClientVersion":{"major":3,"minor":24111,"build":12,"revision":0,"majorRevision":0,"minorRevision":0},"backgroundColor":"RGBA(0,176,240,1)","backgroundImageUri":"/2377200571281950203/N98b70da0-091e-4d5a-8998-9c52519a766e-logoSmallFile","displayName":"Registro_De_Vacaciones","description":"Version 5.0","commitMessage":"","appUris":{"documentUri":{"value":"/2377200571281950203/Na7ad8d28-43b3-4633-976d-fa6ee2785ca5-document.msapp"},"imageUris":[],"additionalUris":[{"isSolutionAware":false,"value":"/2377200571281950203/N671d40a7-8506-46e3-9b28-c4e09fa2233f-identity.json"}]},"createdTime":"0001-01-01T00:00:00Z","lastModifiedTime":"0001-01-01T00:00:00Z","sharedGroupsCount":0,"sharedUsersCount":0,"connectionReferences":{"d74c1e99-1eb0-41d0-b7b9-9afa2b3dbc29":{"id":"dac1e077-cc82-405b-9e34-45c159334bbd","displayName":"SharePoint","iconUri":"https://connectoricons-prod.azureedge.net/u/jayawan/releases/v1.0.1697/1.0.1697.3786/sharepointonline/icon.png","dataSources":["RegistroDeVacaciones","Compensation_2","Credentials"],"dependencies":[],"dependents":[],"parameterHints":{},"parameterHintsV2":{},"isOnPremiseConnection":false,"bypassConsent":false,"dataSets":{"https://atos365-my.sharepoint.com/personal/luca_molducci_atos_net":{"dataSources":{"RegistroDeVacaciones":{"tableName":"fd893be2-ca7a-4019-957b-9cf552d9ad77"},"Compensation_2":{"tableName":"d031b99f-85ff-45fd-904e-fdfac25f3fc7"},"Credentials":{"tableName":"d7a22a56-29b9-44bc-95e0-83956db74fbb"}}}},"apiTier":"Standard","isCustomApiConnection":false,"actions":["providers/PowerPlatform.Governance/Operations/Read","providers/PowerPlatform.Governance/Operations/Write"]},"925b202b-d8a6-45cb-8ab1-cb011f110bcc":{"id":"264fb8aa-d3dc-418d-bf72-488f56731127","displayName":"Office 365 Outlook","iconUri":"https://connectoricons-prod.azureedge.net/releases/v1.0.1722/1.0.1722.3975/office365/icon.png","dataSources":["Office365Outlook"],"dependencies":[],"dependents":[],"parameterHints":{},"parameterHintsV2":{},"isOnPremiseConnection":false,"bypassConsent":false,"dataSets":{},"apiTier":"Standard","isCustomApiConnection":false,"actions":["SendEmail"]},"362732f2-9796-432a-b57d-eca5e9370e4e":{"id":"8adccfb6-c427-49e4-a613-81f259e530e8","displayName":"Usuarios de Office 365","iconUri":"https://connectoricons-prod.azureedge.net/releases/v1.0.1718/1.0.1718.3951/office365users/icon.png","dataSources":["UsuariosdeOffice365"],"dependencies":[],"dependents":[],"parameterHints":{},"parameterHintsV2":{},"isOnPremiseConnection":false,"bypassConsent":false,"dataSets":{},"apiTier":"Standard","isCustomApiConnection":false,"actions":["SearchUser"]}},"databaseReferences":{},"almMode":"Environment","performanceOptimizationEnabled":false,"canConsumeAppPass":false,"enableModernRuntimeMode":false,"executionRestrictions":{"isTeamsOnly":false,"dataLossPreventionEvaluationResult":{"status":"Compliant","lastEvaluationDate":"2024-11-03T21:00:49.3532785Z","violations":[],"violationsByPolicy":[],"violationErrorMessage":"La aplicación usa los siguientes conectores: shared_sharepointonline."}}},"appType":"ClassicCanvasApp","appComponents":[]}}